{
    "rmse": 0.6684950645286791,
    "mae": 0.5242870440411133,
    "r2": 0.27564603531650533
}