{
    "rmse": 0.6894083425212943,
    "mae": 0.5644320833531082,
    "r2": 0.29144070256351506
}