{
    "rmse": 0.6901781416928906,
    "mae": 0.5451679294239569,
    "r2": 0.2739736819529771
}