{
    "rmse": 0.6523128621818155,
    "mae": 0.5112153044373785,
    "r2": 0.3455611190236262
}