{
    "rmse": 0.7308318473834253,
    "mae": 0.5702719434962034,
    "r2": 0.26074022262993746
}